Nome,Email,Telefone
Adriana Cunha,adriana.cunha@exemplo.com,(11) 94050-5166
Alessandro Clemente,alessandro.clemente@exemplo.com,(11) 94962-6694
Aline Castro,aline.castro@exemplo.com,(11) 96679-9971
Amanda Cardoso,amanda.cardoso@exemplo.com,(11) 99070-1641
Arthur Campos,arthur.campos@exemplo.com,(11) 96969-9700
Beatriz Correa,beatriz.correa@exemplo.com,(11) 93475-2077
Bernardo Castro,bernardo.castro@exemplo.com,(11) 96628-6563
Bianca Cordeiro,bianca.cordeiro@exemplo.com,(11) 99499-4877
Brenda Carvalho,brenda.carvalho@exemplo.com,(11) 96846-1651
Bruno Chaves,bruno.chaves@exemplo.com,(11) 97130-1254
Camila Dias,camila.dias@exemplo.com,(11) 91779-7354
Carla Duarte,carla.duarte@exemplo.com,(11) 98219-7149
Catarina Duarte,catarina.duarte@exemplo.com,(11) 91442-9938
Cecília Diniz,cecília.diniz@exemplo.com,(11) 91420-9205
Cláudio Domingos,cláudio.domingos@exemplo.com,(11) 99744-8756
Daniel Duarte,daniel.duarte@exemplo.com,(11) 94554-3602
Danilo Dias,danilo.dias@exemplo.com,(11) 99870-1965
Davi Dourado,davi.dourado@exemplo.com,(11) 97408-1083
Diogo Duarte,diogo.duarte@exemplo.com,(11) 94434-2871
Débora Damasceno,débora.damasceno@exemplo.com,(11) 91844-9474
Edson Esteves,edson.esteves@exemplo.com,(11) 96223-6559
Eduarda Esteves,eduarda.esteves@exemplo.com,(11) 95504-8596
Elisa Esposito,elisa.esposito@exemplo.com,(11) 93965-4244
Emanuel Eduardo,emanuel.eduardo@exemplo.com,(11) 95029-2380
Estela Elias,estela.elias@exemplo.com,(11) 94371-3066
Fabiana Freitas,fabiana.freitas@exemplo.com,(11) 99884-1884
Felipe Ferreira,felipe.ferreira@exemplo.com,(11) 95430-7254
Fernanda Faria,fernanda.faria@exemplo.com,(11) 99927-3873
Fernando Franco,fernando.franco@exemplo.com,(11) 92296-8112
Flávia Farias,flávia.farias@exemplo.com,(11) 94890-3837
Gabriel Goulart,gabriel.goulart@exemplo.com,(11) 91256-6401
Gabriela Garcia,gabriela.garcia@exemplo.com,(11) 98745-2730
Giovana Guedes,giovana.guedes@exemplo.com,(11) 99174-2356
Guilherme Galvão,guilherme.galvão@exemplo.com,(11) 93205-2432
Gustavo Gomes,gustavo.gomes@exemplo.com,(11) 91363-8323
Hamilton Honório,hamilton.honório@exemplo.com,(11) 97618-3800
Helena Honório,helena.honório@exemplo.com,(11) 98545-4098
Heloísa Horta,heloísa.horta@exemplo.com,(11) 97111-2710
Henrique Holanda,henrique.holanda@exemplo.com,(11) 93026-7769
Hugo Henrique,hugo.henrique@exemplo.com,(11) 97682-2638
Igor Ivo,igor.ivo@exemplo.com,(11) 98285-5105
Ingrid Ipanema,ingrid.ipanema@exemplo.com,(11) 91587-3898
Irene Iglesias,irene.iglesias@exemplo.com,(11) 99037-6767
Isaac Inácio,isaac.inácio@exemplo.com,(11) 99286-9753
Isabela Inácio,isabela.inácio@exemplo.com,(11) 91510-5387
Janaína Joaquim,janaína.joaquim@exemplo.com,(11) 97184-5935
Jaqueline Jesus,jaqueline.jesus@exemplo.com,(11) 95205-1599
Joana Jardim,joana.jardim@exemplo.com,(11) 97312-2697
Jonas Jacinto,jonas.jacinto@exemplo.com,(11) 93915-6778
Júlio Jorge,júlio.jorge@exemplo.com,(11) 95028-2768
